<?xml version="1.0" encoding="utf-8" ?><GeodataXform xsi:type='typens:PolynomialXform' xmlns:xsi='http://www.w3.org/2001/XMLSchema-instance' xmlns:xs='http://www.w3.org/2001/XMLSchema' xmlns:typens='http://www.esri.com/schemas/ArcGIS/9.3'><PolynomialOrder>1</PolynomialOrder><SpatialReference xsi:type='typens:ProjectedCoordinateSystem'><WKT>PROJCS[&quot;NAD_1927_UTM_Zone_13N&quot;,GEOGCS[&quot;GCS_North_American_1927&quot;,DATUM[&quot;D_North_American_1927&quot;,SPHEROID[&quot;Clarke_1866&quot;,6378206.4,294.9786982]],PRIMEM[&quot;Greenwich&quot;,0.0],UNIT[&quot;Degree&quot;,0.0174532925199433]],PROJECTION[&quot;Transverse_Mercator&quot;],PARAMETER[&quot;False_Easting&quot;,500000.0],PARAMETER[&quot;False_Northing&quot;,0.0],PARAMETER[&quot;Central_Meridian&quot;,-105.0],PARAMETER[&quot;Scale_Factor&quot;,0.9996],PARAMETER[&quot;Latitude_Of_Origin&quot;,0.0],UNIT[&quot;Meter&quot;,1.0],AUTHORITY[&quot;EPSG&quot;,26713]]</WKT><HighPrecision>true</HighPrecision><WKID>26713</WKID></SpatialReference><SourceGCPs xsi:type='typens:ArrayOfDouble'><Double>2.8533333333333299</Double><Double>5.0933333333333302</Double><Double>8.6999999999999993</Double><Double>5.0466666666666704</Double><Double>14.526666666666699</Double><Double>5.0366666666666697</Double><Double>20.34</Double><Double>5.0633333333333299</Double><Double>2.89333333333333</Double><Double>12.6833333333333</Double><Double>8.7333333333333307</Double><Double>12.630000000000001</Double><Double>14.5733333333333</Double><Double>12.619999999999999</Double><Double>20.386666666666699</Double><Double>12.643333333333301</Double><Double>2.9100000000000001</Double><Double>20.3066666666667</Double><Double>8.7433333333333305</Double><Double>20.25</Double><Double>14.5766666666667</Double><Double>20.239999999999998</Double><Double>20.3966666666667</Double><Double>20.260000000000002</Double><Double>2.8866666666666698</Double><Double>27.98</Double><Double>8.7300000000000004</Double><Double>27.913333333333298</Double><Double>14.563333333333301</Double><Double>27.899999999999999</Double><Double>20.376666666666701</Double><Double>27.9166666666667</Double></SourceGCPs><TargetGCPs xsi:type='typens:ArrayOfDouble'><Double>467930.94271029602</Double><Double>4413740.80695388</Double><Double>471494.178999161</Double><Double>4413726.6857705396</Double><Double>475057.41257005098</Double><Double>4413714.2259477796</Double><Double>478620.64376267401</Double><Double>4413703.4274687804</Double><Double>467950.356000525</Double><Double>4418365.25059909</Double><Double>471511.43519113102</Double><Double>4418351.1256828196</Double><Double>475072.51168706</Double><Double>4418338.6625662297</Double><Double>478633.58582510799</Double><Double>4418327.8612325201</Double><Double>467969.786313747</Double><Double>4422989.7278042603</Double><Double>471528.70651470497</Double><Double>4422975.5991848996</Double><Double>475087.62404426502</Double><Double>4422963.1328008296</Double><Double>478646.53923631198</Double><Double>4422952.3286352502</Double><Double>467989.23363997001</Double><Double>4427614.2385785002</Double><Double>471545.992961001</Double><Double>4427600.1062859297</Double><Double>475102.74963389401</Double><Double>4427587.63666071</Double><Double>478659.50398962601</Double><Double>4427576.8296860997</Double></TargetGCPs></GeodataXform>